cluster,node,pod,namespace,fn_name,if_name,md_name,rpd_name,start_value,end_value,delta
apc01k1dccc,ap71-85-92-202,vcmts-cd-0-0,default,fb1:0/0,Ds1:0/0/0,Md1:0/0.0,rpd1:0,6.40756167629126,6.41376664142386,0.006204965132599938
apc01k1dccc,ap71-85-92-202,vcmts-cd-0-0,default,fb1:0/0,Ds1:0/0/1,Md1:0/0.0,rpd1:0,0.00209934653652767,0.00436859092787638,0.00226924439134871
apc01k1dccc,ap71-85-92-202,vcmts-cd-0-0,default,fb1:0/0,Ds1:0/0/10,Md1:0/0.0,rpd1:0,0.0040435689447405,0.00436859092787638,0.00032502198313588
apc01k1dccc,ap71-85-92-202,vcmts-cd-0-0,default,fb1:0/0,Ds1:0/0/11,Md1:0/0.0,rpd1:0,0.00209934653652767,0.00663783531922508,0.004538488782697411
apc01k1dccc,ap71-85-92-202,vcmts-cd-0-0,default,fb1:0/0,Ds1:0/0/12,Md1:0/0.0,rpd1:0,6.37052542131293,6.37236475026295,0.001839328950019592
apc01k1dccc,ap71-85-92-202,vcmts-cd-0-0,default,fb1:0/0,Ds1:0/0/13,Md1:0/0.0,rpd1:0,0.00589471687596441,0.00436859092787638,-0.0015261259480880297
apc01k1dccc,ap71-85-92-202,vcmts-cd-0-0,default,fb1:0/0,Ds1:0/0/14,Md1:0/0.0,rpd1:0,0.00209934653652767,0.00436859092787638,0.00226924439134871
apc01k1dccc,ap71-85-92-202,vcmts-cd-0-0,default,fb1:0/0,Ds1:0/0/15,Md1:0/0.0,rpd1:0,0.0040435689447405,0.00436859092787638,0.00032502198313588
apc01k1dccc,ap71-85-92-202,vcmts-cd-0-0,default,fb1:0/0,Ds1:0/0/16,Md1:0/0.0,rpd1:0,6.3722465604509,6.37396917696152,0.0017226165106194458
apc01k1dccc,ap71-85-92-202,vcmts-cd-0-0,default,fb1:0/0,Ds1:0/0/17,Md1:0/0.0,rpd1:0,0.00565242776126311,0.00436859092787638,-0.0012838368333867294
apc01k1dccc,ap71-85-92-202,vcmts-cd-0-0,default,fb1:0/0,Ds1:0/0/18,Md1:0/0.0,rpd1:0,0.00209934653652767,0.00436859092787638,0.00226924439134871
apc01k1dccc,ap71-85-92-202,vcmts-cd-0-0,default,fb1:0/0,Ds1:0/0/19,Md1:0/0.0,rpd1:0,0.00209934653652767,0.00436859092787638,0.00226924439134871
apc01k1dccc,ap71-85-92-202,vcmts-cd-0-0,default,fb1:0/0,Ds1:0/0/2,Md1:0/0.0,rpd1:0,0.00209934653652767,0.00436859092787638,0.00226924439134871
apc01k1dccc,ap71-85-92-202,vcmts-cd-0-0,default,fb1:0/0,Ds1:0/0/20,Md1:0/0.0,rpd1:0,6.37052542131293,6.37236475026295,0.001839328950019592
apc01k1dccc,ap71-85-92-202,vcmts-cd-0-0,default,fb1:0/0,Ds1:0/0/21,Md1:0/0.0,rpd1:0,0.00429029017739364,0.00518114588571608,0.0008908557083224401
apc01k1dccc,ap71-85-92-202,vcmts-cd-0-0,default,fb1:0/0,Ds1:0/0/22,Md1:0/0.0,rpd1:0,0.00209934653652767,0.00436859092787638,0.00226924439134871
apc01k1dccc,ap71-85-92-202,vcmts-cd-0-0,default,fb1:0/0,Ds1:0/0/23,Md1:0/0.0,rpd1:0,0.00370525060774905,0.00436859092787638,0.0006633403201273301
apc01k1dccc,ap71-85-92-202,vcmts-cd-0-0,default,fb1:0/0,Ds1:0/0/24,Md1:0/0.0,rpd1:0,6.37052542131293,6.37236475026295,0.001839328950019592
apc01k1dccc,ap71-85-92-202,vcmts-cd-0-0,default,fb1:0/0,Ds1:0/0/25,Md1:0/0.0,rpd1:0,0.00209934653652767,0.00421789891751338,0.0021185523809857097
apc01k1dccc,ap71-85-92-202,vcmts-cd-0-0,default,fb1:0/0,Ds1:0/0/26,Md1:0/0.0,rpd1:0,0.00436859092787638,0.00421789891751338,-0.0001506920103630004
apc01k1dccc,ap71-85-92-202,vcmts-cd-0-0,default,fb1:0/0,Ds1:0/0/27,Md1:0/0.0,rpd1:0,0.00375400390521944,0.00436859092787638,0.0006145870226569403
apc01k1dccc,ap71-85-92-202,vcmts-cd-0-0,default,fb1:0/0,Ds1:0/0/28,Md1:0/0.0,rpd1:0,6.37215053122861,6.37398986017863,0.001839328950019592
apc01k1dccc,ap71-85-92-202,vcmts-cd-0-0,default,fb1:0/0,Ds1:0/0/29,Md1:0/0.0,rpd1:0,0.00282621388063156,0.00648714330886208,0.00366092942823052
apc01k1dccc,ap71-85-92-202,vcmts-cd-0-0,default,fb1:0/0,Ds1:0/0/3,Md1:0/0.0,rpd1:0,0.00209934653652767,0.00436859092787638,0.00226924439134871
apc01k1dccc,ap71-85-92-202,vcmts-cd-0-0,default,fb1:0/0,Ds1:0/0/30,Md1:0/0.0,rpd1:0,0.00409084486956026,0.00436859092787638,0.0002777460583161199
apc01k1dccc,ap71-85-92-202,vcmts-cd-0-0,default,fb1:0/0,Ds1:0/0/31,Md1:0/0.0,rpd1:0,0.00370377323509844,0.00663783531922508,0.0029340620841266404
apc01k1dccc,ap71-85-92-202,vcmts-cd-0-0,default,fb1:0/0,Ds1:0/0/4,Md1:0/0.0,rpd1:0,6.37358358269971,6.40260952316639,0.02902594046668039
apc01k1dccc,ap71-85-92-202,vcmts-cd-0-0,default,fb1:0/0,Ds1:0/0/5,Md1:0/0.0,rpd1:0,0.00503340862065432,0.00633645129849908,0.0013030426778447603
apc01k1dccc,ap71-85-92-202,vcmts-cd-0-0,default,fb1:0/0,Ds1:0/0/6,Md1:0/0.0,rpd1:0,0.00209934653652767,0.00436859092787638,0.00226924439134871
apc01k1dccc,ap71-85-92-202,vcmts-cd-0-0,default,fb1:0/0,Ds1:0/0/7,Md1:0/0.0,rpd1:0,0.00236527361363885,0.00436859092787638,0.00200331731423753
apc01k1dccc,ap71-85-92-202,vcmts-cd-0-0,default,fb1:0/0,Ds1:0/0/8,Md1:0/0.0,rpd1:0,6.37052542131293,6.37236475026295,0.001839328950019592
apc01k1dccc,ap71-85-92-202,vcmts-cd-0-0,default,fb1:0/0,Ds1:0/0/9,Md1:0/0.0,rpd1:0,0.00389435430702811,0.00436859092787638,0.0004742366208482702
apc01k1dccc,ap71-85-92-202,vcmts-cd-0-0,default,fb1:0/0,Oa1:0/0/0,Md1:0/0.0,rpd1:0,0.1,0.1,0.0
apc01k1dccc,ap71-85-92-202,vcmts-cd-0-0,default,fb1:0/0,Oa1:0/0/1,Md1:0/0.0,rpd1:0,1.0,1.0,0.0
apc01k1dccc,ap71-85-92-202,vcmts-cd-0-0,default,fb1:0/0,Of1:0/0/0,Md1:0/0.0,rpd1:0,0.00181865439435771,0.00280649077084894,0.0009878363764912299
apc01k1dccc,ap71-85-92-202,vcmts-cd-0-0,default,fb1:0/0,Of1:0/0/1,Md1:0/0.0,rpd1:0,0.00181865439435771,0.00391371507183238,0.0020950606774746703
apc01k1dccc,ap71-85-92-202,vcmts-cd-0-0,default,fb1:0/0,Us1:0/0/0.0,Md1:0/0.0,rpd1:0,0.2,0.2,0.0
apc01k1dccc,ap71-85-92-202,vcmts-cd-0-0,default,fb1:0/0,Us1:0/0/1.0,Md1:0/0.0,rpd1:0,0.2,0.2,0.0
apc01k1dccc,ap71-85-92-202,vcmts-cd-0-0,default,fb1:0/0,Us1:0/0/2.0,Md1:0/0.0,rpd1:0,0.2,0.2,0.0
apc01k1dccc,ap71-85-92-202,vcmts-cd-0-0,default,fb1:0/0,Us1:0/0/3.0,Md1:0/0.0,rpd1:0,0.2,0.2,0.0
apc01k1dccc,ap71-85-92-202,vcmts-cd-0-0,default,fb1:0/1,Oa1:0/1/0,Md1:0/0.0,rpd1:0,0.0,0.0,0
apc01k1dccc,ap71-85-92-202,vcmts-cd-0-0,default,fb1:0/1,Oa1:0/1/1,Md1:0/0.0,rpd1:0,0.0,0.0,0
apc01k1dccc,ap71-85-92-202,vcmts-cd-0-0,default,fb1:0/1,Us1:0/1/0.0,Md1:0/0.0,rpd1:0,0.2,0.2,0.0
apc01k1dccc,ap71-85-92-202,vcmts-cd-0-0,default,fb1:0/1,Us1:0/1/1.0,Md1:0/0.0,rpd1:0,0.2,0.2,0.0
apc01k1dccc,ap71-85-92-202,vcmts-cd-0-0,default,fb1:0/1,Us1:0/1/2.0,Md1:0/0.0,rpd1:0,0.2,0.2,0.0
apc01k1dccc,ap71-85-92-202,vcmts-cd-0-0,default,fb1:0/1,Us1:0/1/3.0,Md1:0/0.0,rpd1:0,0.2,0.2,0.0
apc01k1dccc,ap71-85-92-204,vcmts-cd-0-1,default,fb1:0/2,Ds1:0/1/0,Md1:0/1.0,rpd1:0,6.4569716501546,6.45464214396121,-0.0023295061933898964
apc01k1dccc,ap71-85-92-204,vcmts-cd-0-1,default,fb1:0/2,Ds1:0/1/1,Md1:0/1.0,rpd1:0,0.00259687500822935,0.00239893345470106,-0.00019794155352829013
apc01k1dccc,ap71-85-92-204,vcmts-cd-0-1,default,fb1:0/2,Ds1:0/1/10,Md1:0/1.0,rpd1:0,0.00239893345470106,0.00258948912936635,0.00019055567466529002
apc01k1dccc,ap71-85-92-204,vcmts-cd-0-1,default,fb1:0/2,Ds1:0/1/11,Md1:0/1.0,rpd1:0,0.00239893345470106,0.00258948912936635,0.00019055567466529002
apc01k1dccc,ap71-85-92-204,vcmts-cd-0-1,default,fb1:0/2,Ds1:0/1/12,Md1:0/1.0,rpd1:0,6.43254950310622,6.45619317852244,0.02364367541622059
apc01k1dccc,ap71-85-92-204,vcmts-cd-0-1,default,fb1:0/2,Ds1:0/1/13,Md1:0/1.0,rpd1:0,0.00259982935977454,0.00259982935977454,0.0
apc01k1dccc,ap71-85-92-204,vcmts-cd-0-1,default,fb1:0/2,Ds1:0/1/14,Md1:0/1.0,rpd1:0,0.00259982935977454,0.00239893345470106,-0.00020089590507348012
apc01k1dccc,ap71-85-92-204,vcmts-cd-0-1,default,fb1:0/2,Ds1:0/1/15,Md1:0/1.0,rpd1:0,0.00239893345470106,0.00239893345470106,0.0
apc01k1dccc,ap71-85-92-204,vcmts-cd-0-1,default,fb1:0/2,Ds1:0/1/16,Md1:0/1.0,rpd1:0,6.42441765047806,6.43669002679682,0.012272376318760436
apc01k1dccc,ap71-85-92-204,vcmts-cd-0-1,default,fb1:0/2,Ds1:0/1/17,Md1:0/1.0,rpd1:0,0.00239893345470106,0.00239893345470106,0.0
apc01k1dccc,ap71-85-92-204,vcmts-cd-0-1,default,fb1:0/2,Ds1:0/1/18,Md1:0/1.0,rpd1:0,0.00239893345470106,0.00239893345470106,0.0
apc01k1dccc,ap71-85-92-204,vcmts-cd-0-1,default,fb1:0/2,Ds1:0/1/19,Md1:0/1.0,rpd1:0,0.00239893345470106,0.00239893345470106,0.0
apc01k1dccc,ap71-85-92-204,vcmts-cd-0-1,default,fb1:0/2,Ds1:0/1/2,Md1:0/1.0,rpd1:0,0.00259687500822935,0.00239893345470106,-0.00019794155352829013
apc01k1dccc,ap71-85-92-204,vcmts-cd-0-1,default,fb1:0/2,Ds1:0/1/20,Md1:0/1.0,rpd1:0,6.4225445915984,6.42316795977444,0.0006233681760399179
apc01k1dccc,ap71-85-92-204,vcmts-cd-0-1,default,fb1:0/2,Ds1:0/1/21,Md1:0/1.0,rpd1:0,0.00239893345470106,0.00239893345470106,0.0
apc01k1dccc,ap71-85-92-204,vcmts-cd-0-1,default,fb1:0/2,Ds1:0/1/22,Md1:0/1.0,rpd1:0,0.00239893345470106,0.00239893345470106,0.0
apc01k1dccc,ap71-85-92-204,vcmts-cd-0-1,default,fb1:0/2,Ds1:0/1/23,Md1:0/1.0,rpd1:0,0.00258948912936635,0.00239893345470106,-0.00019055567466529002
apc01k1dccc,ap71-85-92-204,vcmts-cd-0-1,default,fb1:0/2,Ds1:0/1/24,Md1:0/1.0,rpd1:0,6.42240869142733,6.42341612530424,0.0010074338769099356
apc01k1dccc,ap71-85-92-204,vcmts-cd-0-1,default,fb1:0/2,Ds1:0/1/25,Md1:0/1.0,rpd1:0,0.00239893345470106,0.00239893345470106,0.0
apc01k1dccc,ap71-85-92-204,vcmts-cd-0-1,default,fb1:0/2,Ds1:0/1/26,Md1:0/1.0,rpd1:0,0.00239893345470106,0.00239893345470106,0.0
apc01k1dccc,ap71-85-92-204,vcmts-cd-0-1,default,fb1:0/2,Ds1:0/1/27,Md1:0/1.0,rpd1:0,0.00239893345470106,0.00239893345470106,0.0
apc01k1dccc,ap71-85-92-204,vcmts-cd-0-1,default,fb1:0/2,Ds1:0/1/28,Md1:0/1.0,rpd1:0,6.43444176527092,6.44277894533147,0.00833718006054962
apc01k1dccc,ap71-85-92-204,vcmts-cd-0-1,default,fb1:0/2,Ds1:0/1/29,Md1:0/1.0,rpd1:0,0.00239893345470106,0.00239893345470106,0.0
apc01k1dccc,ap71-85-92-204,vcmts-cd-0-1,default,fb1:0/2,Ds1:0/1/3,Md1:0/1.0,rpd1:0,0.00258948912936635,0.00259687500822935,7.385878863000114e-06
apc01k1dccc,ap71-85-92-204,vcmts-cd-0-1,default,fb1:0/2,Ds1:0/1/30,Md1:0/1.0,rpd1:0,0.00239893345470106,0.00239893345470106,0.0
apc01k1dccc,ap71-85-92-204,vcmts-cd-0-1,default,fb1:0/2,Ds1:0/1/31,Md1:0/1.0,rpd1:0,0.00239893345470106,0.00239893345470106,0.0
apc01k1dccc,ap71-85-92-204,vcmts-cd-0-1,default,fb1:0/2,Ds1:0/1/4,Md1:0/1.0,rpd1:0,6.43424973242048,6.43141798646441,-0.002831745956069831
apc01k1dccc,ap71-85-92-204,vcmts-cd-0-1,default,fb1:0/2,Ds1:0/1/5,Md1:0/1.0,rpd1:0,0.00259687500822935,0.00319069966881421,0.00059382466058486
apc01k1dccc,ap71-85-92-204,vcmts-cd-0-1,default,fb1:0/2,Ds1:0/1/6,Md1:0/1.0,rpd1:0,0.00258948912936635,0.00239893345470106,-0.00019055567466529002
apc01k1dccc,ap71-85-92-204,vcmts-cd-0-1,default,fb1:0/2,Ds1:0/1/7,Md1:0/1.0,rpd1:0,0.00239893345470106,0.00239893345470106,0.0
apc01k1dccc,ap71-85-92-204,vcmts-cd-0-1,default,fb1:0/2,Ds1:0/1/8,Md1:0/1.0,rpd1:0,6.4227927571282,6.42351214172946,0.0007193846012594207
apc01k1dccc,ap71-85-92-204,vcmts-cd-0-1,default,fb1:0/2,Ds1:0/1/9,Md1:0/1.0,rpd1:0,0.00279481656175764,0.00259982935977454,-0.00019498720198309972
apc01k1dccc,ap71-85-92-204,vcmts-cd-0-1,default,fb1:0/2,Oa1:0/2/0,Md1:0/1.0,rpd1:0,0.0,0.0,0
apc01k1dccc,ap71-85-92-204,vcmts-cd-0-1,default,fb1:0/2,Oa1:0/2/1,Md1:0/1.0,rpd1:0,0.0,0.0,0
apc01k1dccc,ap71-85-92-204,vcmts-cd-0-1,default,fb1:0/2,Of1:0/1/0,Md1:0/1.0,rpd1:0,0.00207104699063427,0.00219971293352375,0.00012866594288948006
apc01k1dccc,ap71-85-92-204,vcmts-cd-0-1,default,fb1:0/2,Of1:0/1/1,Md1:0/1.0,rpd1:0,0.00192898979621299,0.00182850544236804,-0.00010048435384494995
apc01k1dccc,ap71-85-92-204,vcmts-cd-0-1,default,fb1:0/2,Us1:0/2/0.0,Md1:0/1.0,rpd1:0,0.2,0.2,0.0
apc01k1dccc,ap71-85-92-204,vcmts-cd-0-1,default,fb1:0/2,Us1:0/2/1.0,Md1:0/1.0,rpd1:0,0.2,0.2,0.0
apc01k1dccc,ap71-85-92-204,vcmts-cd-0-1,default,fb1:0/2,Us1:0/2/2.0,Md1:0/1.0,rpd1:0,0.2,0.2,0.0
apc01k1dccc,ap71-85-92-204,vcmts-cd-0-1,default,fb1:0/2,Us1:0/2/3.0,Md1:0/1.0,rpd1:0,0.2,0.2,0.0
apc01k1dccc,ap71-85-92-204,vcmts-cd-0-1,default,fb1:0/3,Oa1:0/3/0,Md1:0/1.0,rpd1:0,0.1,0.1,0.0
apc01k1dccc,ap71-85-92-204,vcmts-cd-0-1,default,fb1:0/3,Oa1:0/3/1,Md1:0/1.0,rpd1:0,1.2,1.2,0.0
apc01k1dccc,ap71-85-92-204,vcmts-cd-0-1,default,fb1:0/3,Us1:0/3/0.0,Md1:0/1.0,rpd1:0,0.2,0.2,0.0
apc01k1dccc,ap71-85-92-204,vcmts-cd-0-1,default,fb1:0/3,Us1:0/3/1.0,Md1:0/1.0,rpd1:0,0.2,0.2,0.0
apc01k1dccc,ap71-85-92-204,vcmts-cd-0-1,default,fb1:0/3,Us1:0/3/2.0,Md1:0/1.0,rpd1:0,0.2,0.2,0.0
apc01k1dccc,ap71-85-92-204,vcmts-cd-0-1,default,fb1:0/3,Us1:0/3/3.0,Md1:0/1.0,rpd1:0,0.2,0.2,0.0
